customer_id,first_name,last_name,tenure_months,total_transactions,estimated_clv
a96f45b14f074cc1a9675ba104194f87,Obi-Wan,Kenobi,37,6089,1.97
de86441af0dc4a7a9f35dc8e0251b5c3,Omokhose,Dania,32,4942,1.85
3aa79f2f1c0148cd964a6f91dd0fd72b,Nacer,Pantsil,38,5684,1.79
5572810f38b543429ffb218ef15243fc,Obi,David,72,10548,1.76
c9297018ab1d4dd9bde1ea4fe0ce4f6a,Olu,Timo,18,2591,1.73
e500417721c6424fb879d603615a6d77,Omokhose,Dania,32,4544,1.7
566126bab52a4754936e309e3166a797,Jigan,Trabaye,38,4427,1.4
363237ae6a2242feb3c973ef20247f79,Yami,PThree,66,6319,1.15
af154b8efc024eb2a88b6c872f1c6d07,John,Doe,18,1686,1.12
da1b733b34084652897e4be00f49ffb0,Adim,Oka,25,2272,1.09
a3465e8585bd4cc08127a044f03c0fd7,Jesuloba,Tim,18,1480,0.99
b33f84c8683e4e94a4d5fed93d3c981f,Temitope,Adebiyi,37,2896,0.94
c0d0fb9b03b545d4841c5918037c245a,Tomy,Timi,18,1333,0.89
1909df3eba2548cfa3b9c270112bd262,Chima,Ataman,33,2383,0.87
626639a2ad904f47bd76183910403064,dara,Fakoya,50,3404,0.82
875fee997c50474a8982b89443bc01e3,Esther,Omikunle,32,2182,0.82
435c77a75e8441259a2515064fa0b83b,Adebiyi,Grillo,37,2427,0.79
d6a780a0ff584555b7e24668e258555a,Azez,TIm,18,1163,0.78
3c18ed287e314e5b879918d4cd17948e,Akman,Tim,18,1145,0.76
fe321c01bc49461a94cef73de1cd393f,Nifemi Test,SOLA-OJO,45,2754,0.73
7b96e0cd1b33483a86018472b260e022,Ahmed,Adegunle,20,1111,0.67
72141b6db0a94e9b8414ae0e783792b7,Timothy,Olanrewaju,64,3480,0.65
06127c3513d242bcab73a569ef615f69,Sandy,Cheeks,24,1265,0.63
75cb72d217324ace976cb9104d1d2d9c,David,dashme,75,3874,0.62
7c7608175be94117bef57c5b049be720,Onengi,Richard,43,1974,0.55
2b89cb1d77b24c02bb0578ac909860ea,Nottas,Notlim,44,1866,0.51
2fb594bd456a49a7bdceb70316b2bd74,Laura,Matsuda,22,933,0.51
6511987870964f728974da2ca8f5cdfb,Squilliam,Fancyson,25,1045,0.5
6c59c0b8094947599a0fe785287f229f,Timothy,Obeisun,20,814,0.49
e0e824c5e8114cd4abd96d4c64ac35d3,Yarmirama,Ashama,32,1314,0.49
427085b0eb1048f29d882d645658c09d,Obi,Uchenna David,68,2704,0.48
295930ec4219470c91c883abecf5e8b1,Seun,Tommy,19,743,0.47
fdb4471e9f364439b43c3c6b9f05d124,Dollar Po,Amusan,46,1739,0.45
0257625a02344b239b41e1cbe60ef080,Opeoluwa,Popoola,104,3816,0.44
11dde5b851114fb295926554ea2f8731,Esua,Ekpo,31,1132,0.44
ed78e6b53838467b9a4e34b8a4a37a3f,Gracias,Ashama,33,1205,0.44
b70eddd82eae4684bddc252b0b05e895,Yami,Five,67,2416,0.43
3097d111f15b4c44ac1bf1f4cd5a12ad,Obi,Obi,25,845,0.41
477251b6ab8241dba14bf13c8365efe9,Tade,Bola,66,2275,0.41
75b9df985e254031aaba8ec44f459d2d,Edward,Popoola,104,3420,0.39
502fd0984ed54c3e8dc1c3884f84941b,ios,test,47,1437,0.37
97cff281d1644994bfc87483a4bc60eb,Sandy,Cheeks,20,623,0.37
03083b5170134734876344bb9ca94675,ibrahim,olubiyi,24,719,0.36
8c8f4f9bbdde4798b059061be2a148aa,Ahmed11,Adeq1,20,596,0.36
d4fc05997a4a419fac61fe92d3644742,Mobolaji,Olorishade,44,1337,0.36
f23c5baa7a6f45529a509e0ffbfefaf0,Tas,Leem,51,1514,0.36
f026b5d9d7d84a7a9e452862f58b4cf9,Enor,Izomor,75,2217,0.35
451ab11c63d24306b4b97e26ee2697b1,Gracy,Tim,18,503,0.34
d5d6a528ce564e26af66d0bfc5387f5a,Daniel,Coker,25,699,0.34
81294b17ab9b4fe98f76cf438cfe4cc6,Ahmed,Dodo,20,548,0.33
8854a6cc3d7f49079eea9b56fa512f31,Gambo,Sigma,18,467,0.31
e367097cc72646be9b0a795db8f68d0a,Gambo,Mohammed,18,469,0.31
a1a2f9d5dff949f9980e92e8284e481d,Charis,Ashama,33,807,0.29
46d8f70577514cf2a82d6058b97080d8,Adu,Tim,17,396,0.28
b15810c73f1f4722b2ea72d9e329ea0c,Yami,Ashamaa,61,1426,0.28
3a8a03951cd144bea04fc9e034e3eb9f,Tim,Timo,18,373,0.25
3b0ef4ad4294454a86505f918d60575b,Nest Claim,One,1,21,0.25
88f0530d2ef5437da9e7e53a59b230b1,Khadija,George,35,701,0.24
f6b76010606f4536b3e03b7e0917dc89,Timothy,Olanrewaju,64,1272,0.24
c02b5064df6546c6bb2b32d92ab00eac,Abdulrahman,Solanke,25,487,0.23
742da71d7daa46d0801755c883bdc464,Festus,Iyere,51,889,0.21
a62efa2df0814432b82485d6989cd507,Jery,Godman,19,326,0.21
a549807eb71046c48857f1a32277bd71,Test,iOS,51,861,0.2
028f736f750f4318aa71d62d3aa3d1bd,Uchechukwu,Emmanuel,53,859,0.19
59b759f673334e98bc108e4b0e2822a4,Tas,Lim,18,291,0.19
c41fe7c7c9024cdabdcfe17274205f70,ahmed1,ndksjcsjld,20,322,0.19
893ca9504a794a478c5e98e945554ad8,Tyyyy,Kkkkk,20,305,0.18
0756b71ff9974b049295bdba4a29d8a4,Jjjjj,Ahshshs,20,278,0.17
415edebd5c1a4a47a9828e5b2b0582e4,Sandy,Cheeks,20,277,0.17
4d44cf3a15804fda9c9f2e74c7e49917,Esther,Omikunle,30,420,0.17
7cb59091cb654936ac639a570ef8d036,Glove,Drop,22,316,0.17
ddf57166b2d34e50b446057817e12ac3,Timothy,Olanrewaju,38,548,0.17
eae333a0ecf0460bb4ffcca122c4417b,Join,Circle,22,308,0.17
0445a41c8a13460dafc586c8df9bb1d3,Garuba,Sigma,20,270,0.16
17aca1ea399848c6859ebbf2a648f718,Temitope,adebiyi,37,481,0.16
445ceb8389c1421cb5885ef6d62bec15,Garuba,Sigma,20,273,0.16
77862ae0995d45fd9c44c7a124b67e16,Sandy,Cheeks,20,267,0.16
7ab08f67d38c48ffa774341bee84cd56,Chima,Ataman,19,259,0.16
97199aab639d479c91df95d20e60e840,Garuba,Shehu,20,274,0.16
a1dd9266894f43929fc3f93e2dbfae86,My own Guy,Test,68,888,0.16
a6f38978dda1462ebd0d54ff148c1bbd,Timothy,Olanrewaju,38,512,0.16
b2884344d1254f89a4984f16cab50cff,Babatunde,Adegunle,20,271,0.16
b53bcb2960ec45ca8ff173020cf034b7,Sombra,Cheeks,20,265,0.16
ba9e2fcd601347e8a66ef6b7c89a019a,Gambo,Shehu,19,261,0.16
c2f74044b8ba4710907560a2ddd0a546,Ahmed3,Ade3,20,271,0.16
c3173c378b8940b4864ef5fb4c953e75,Sandy,Cheeks,20,260,0.16
d9ac28174ee8436fbef4a341b440ab80,Sandy,Cheeks,20,266,0.16
e49dc68bd3f74dc28c5ac42ad0a39048,Ahmed,Adeg,20,269,0.16
ede185bf57ec4183b14a2b1593ca5dab,kkjjqdj,kkj;k;lk,20,273,0.16
eed3bfe4ccc7485fbb30f6ee8a5a82e3,ahmed,Adegunle,20,272,0.16
f6871da39f424bf190627dc8a0644c20,Favour,Felix,5,66,0.16
01bac3db234043bda56eb8ee396c9f51,Tee,Tega,37,475,0.15
119d8f262a1c47639b3021db1f6f1e17,Timothy,Olanrewaju,38,465,0.15
69f2e893dd0d4cca97f611bf24012093,Timothy,Olanrewaju,37,471,0.15
b33c2646ad5a45aba93ce43816b58ca3,Sandy,Cheeks,20,257,0.15
f770c2381414445f853cd61393a74957,Gambo,Mohammed,19,231,0.15
01c07a63b3104a27b367143a69e48770,Tas,Lim,19,220,0.14
1f068ca168cf48048c1012c3cccfd2ea,Tas,Lim,19,220,0.14
2300382f1f934c46b299c3cd575146f2,Gambo,Mohammed,19,229,0.14
492e842d55d945588e9315bc01714d5c,Sombra,Last,22,252,0.14
639f95866b8f411ba5e90cc95d87e73b,Jalop,Hamzek,18,203,0.14
71de31411cd4474fa961677579cda343,Tas,Lim,19,221,0.14
8e7740a2ad75419bb103a54f4a5a5fd1,Tas,Lim,19,217,0.14
c35fdf3cce1a4de1928716c8b41f1650,Self,Timothy,10,115,0.14
df69a8c50de74328b9bc68e853cb0fe3,Tas,Lim,19,223,0.14
1429681a0b554a7ab08c5f3993ac7b33,Garuba,Sigma,25,272,0.13
597524e33ccf47e4ac71b86629dd628a,Obi,David,19,210,0.13
d01193c4a37e4f919836292e8bb88a8a,Olatunji,Ekisanya,37,388,0.13
df893a2dbb0c463892c170425953581d,Dami,Tim,18,201,0.13
279602fb41c240689c5edfec63c7c1a1,Timothy,Olanrewaju,68,677,0.12
9386f28f466f4beab9353de550873936,Sandy,Cheeks,13,127,0.12
dbbbb90a9a0b405b81b981402d170aae,Gambo,Mohammed,18,177,0.12
15c7ad1435da4bf6924c5df4219c2602,Tas,Lim,20,179,0.11
1f443df1286b4d73be27e785fcfc8e64,Timmy,Man,14,123,0.11
35002cd619a447109fefed4c462ce515,Nifemi T.,Sola-Ojo,23,209,0.11
3e13e2515e364ec9b1347a38617605d8,Nest Claim,Two,1,9,0.11
52ceb40010054609b5d0ec1ff62f93d7,Tas,Lim,20,187,0.11
9fb72f443118492c823855a99a1de6b4,Tim,Circle,12,108,0.11
2880b422ee214058893f6465c6e9786e,Johnson,Cool,18,151,0.1
3ef12aca125241b1988737645d022baa,Kunle,TimCowry,19,159,0.1
6c93a7cf56d54b03853695956636e14c,temii,Adebiyi,37,293,0.1
adc365b1e2bf4ef39e595c1bf19093c1,Obi-Wan,Kenobi,28,240,0.1
cccfe6a3d67b4a80b51e80be3e33eb5d,iOS,Test,48,409,0.1
d8884f082f4c432a9c0c38b90b721ceb,Obi-Wan,Kenobi,51,438,0.1
e65bebaf85694797b3dec50e8eaa5211,Yarmirama,Ashama,31,266,0.1
ede20826e1b24abd90a0fc0ae6c4c7a0,Chief,Esther,22,178,0.1
0433c9d629f4487aa010eff0f035ae93,Niall,Horan,33,251,0.09
9d2f0f1accb8482a9533c5cfebb156ed,SeunTim,Tim,18,132,0.09
15379129a69444c98190bfe572f3448e,Festus,Iyere,33,208,0.08
17f6868ceea942deaf0b0c2ccc906077,Festus,Iyere,33,219,0.08
2dad78add00e4fe2afd3ab0075800e31,Adimchi,Oka,36,227,0.08
6cab33bc633e4c789935052edb3687ad,Hjjvg,Bvkjvjn,20,134,0.08
d56a287b591546f3bd8b6ae390061751,Festus,Iyere,33,218,0.08
e12bb7a1291548ad91fdb83b154db69a,christiana,uzonwanne,36,229,0.08
e6d7d8b9151645e99726715b355224ef,Faith,Abubakar,25,163,0.08
09a9107532594091ad2c94acfb515865,Esther,Omikunle,31,189,0.07
0aa5f79f8c2343868c30c6eb07b010dd,Ope,Olorisade,35,194,0.07
1347338ea50147ec8df541beb1711894,Mary,Monana,1,6,0.07
414c99da7c8d4ac4842227442236ca81,Obi,Uchenna David,53,294,0.07
495db8625ba5400085dc0c1b7f32d0d2,Self,Big,10,60,0.07
6bdbeaf45ad84b8c8d6c8a886a19e256,OluwadDamilare,Bello,14,87,0.07
6c629b055617441ca71a5e2eda19deec,Uchenna,Obi,25,147,0.07
6da0900a54c74e2e9d416eb5d049277a,,,31,179,0.07
8f480d2f4df048bbb68abbcc03283c86,Rahman,Solanke,33,201,0.07
9e40cd677aa540cfa47de096166bf874,Obi,David,18,112,0.07
a1be01f4e2724d4d94f17effc0b0ce2d,Ope,Oluwa,67,400,0.07
d710e93f79bc44f5a3a63709ed466037,Gracyy,Ashama,33,192,0.07
f08a65eeb1964831a2da25e2d17779b5,Harkim,Phelps,38,217,0.07
0ae79b9824ae41b792e5f2b046efa162,Kalu,Tim,18,94,0.06
4378df150e384f53a6f7ace20a0235aa,Grace,Ashama,37,172,0.06
4adc43f9dc2646718ff55cbe3f10b51e,Yarmirama,Ashama,25,118,0.06
535df6ce36b84cfea1eb3b5db57e8774,Juhla,Iyere,33,162,0.06
7e851c7ece9a43a3b2b4039fbb47c60f,Tim,Tommy,18,91,0.06
968db31a69884aa99716dfc8e18b78d2,Edward,Popoola,31,159,0.06
be8b6039365b4ba88311c2c7f7aae779,Yamiko,Ashama,37,172,0.06
f6c10c442f724f66b29a671d496bc081,Aisha,Test,25,129,0.06
0e92b6ce6c1e4827b4ca266091c54594,Obi,obi,67,306,0.05
26170a1ffd6f4b1f920da32dca5ae88e,Yams,Uba,53,209,0.05
3e950a81f85f460ca8c0323a5541d2ec,Duo,Save,21,88,0.05
4661940319474ae59af93b74b20a033c,Edward,Popoola,61,250,0.05
515d449a8fd04d3b8daac58f75353900,Tomiwa,Ajayi,1,4,0.05
51b42bb04982411f9ce572c695198ac2,Obi-Wan,Kenobi,27,122,0.05
589fa9fed3324a94b0eef344c516a9b1,Garuba,Sigma,20,85,0.05
58de29a593a84f7ab376ac68071141ed,IOS,Testing,44,172,0.05
6e52f5ecbf194634aedca49ba39a8a19,Vladmir,Putin,38,169,0.05
7e39c7dfcc6543a69020f4d136699e55,hkjdejhd,jjlrererljr,20,83,0.05
e19d0cbf8e6e48f7bd4c53d9aada6a56,Khose,Dania,33,131,0.05
f3b355c6efd84fe79a9e66ddf5276131,Real,Nee,18,71,0.05
02c8248376704be6959ababbe2a8b4a0,Test,Testing,38,116,0.04
04dcd90e86b34454aaa3bb6c7c3f0e96,adebiyi,grillo,24,76,0.04
0c4e3deeb4d345138e381a980780264b,,,30,104,0.04
22d15df18baa4e2b821c84675bc10c24,Obi-Wan,Kenobi,31,94,0.04
5f33ad7268ff42a784663e9ce98d3ac9,Tim,Staging,20,68,0.04
710ef115dad440daaf99387c93b0fb4a,Festus,Iyere,35,119,0.04
73cc1ea013d44bb4b271c8737dedef91,Daniel,Coker,35,121,0.04
963e347ded0c4a68826c012cd0cf6e7d,,,31,97,0.04
a561d518d6204e77a06c1add19a3944f,Chigozie,Ochuba,2,6,0.04
aca079c80ee64dcc96cdff340538c6f8,Yiop,Goth,18,58,0.04
adb8165ae2854e328e5399ff5f05dff9,NULL,NULL,31,91,0.04
b5a75460a9524fc7ac97522270bee4a8,Kratos,Smith,34,127,0.04
bba0ba894dc846b9ba2ee72b072da46c,Demo,Test,18,62,0.04
bd890cda9a8049f0805280e9b5bcb64c,Esther,Omikunle,30,91,0.04
bf156e5dffc649f488a168cc81f01acc,Lemar,Odom,97,352,0.04
c09f10ffdc854436adcf00f8cd7db940,Kizito,Isifeh,25,84,0.04
e07a9e6d125744dfa3ae01b81899e653,Fourty,Tim,10,30,0.04
e673c1abcabe47a285973021fcedfbc0,Yami,Ash,49,182,0.04
f53f335ba5334bff9660e9636b88a2bd,Ikenna,Grace,38,116,0.04
020b9de07095406bba54db965dc5f717,temi,ade,37,99,0.03
0a89630fe66c4832b7395b8f2408e27f,Garuba,Shehu,20,42,0.03
1774be06d5ca44e58fdd7de6766950bd,Tas,Lim,22,46,0.03
2631c369c5cd459a8f2d0fb2093bfba8,Garuba,Shehu,20,42,0.03
2bcfba3700f342609367eeebb1bae28e,Nonso,Okolo,53,117,0.03
2e5e18cb4b14431e9952a19226a57ecd,Daniel,Coker,25,64,0.03
2f9f0c2151ad4d8c8a0a4abd4a4b6990,Khose,Grillo,3,7,0.03
3b62c4f2406e491db96bc03cd7350709,Gambo,Shehu,18,38,0.03
3bb26eee793249eabf5b67b1fe9a34d6,Garuba,Sigma,20,44,0.03
402270a48363419390d065cb21408c21,Yamyam,Ashama,37,85,0.03
4a3c937225de40fbb3ddd179d3ab3851,Tas,Lim,19,53,0.03
4ad87327722a48519da4fb29cb781f9f,Obi-Wan,Kenobi,27,59,0.03
4b0ad42d24d2413ca0cc332a96c4f427,Tata,Papa,20,42,0.03
609b103d92224e55b77bb5b8fcfebe9f,Alfred,Lewis,37,89,0.03
66aa75928bd4406789300b478405ceac,Festus,Iyere,18,52,0.03
6d6cf08fd4ae46099d2877608243c0a9,Basiqoqs,Debiyi,54,129,0.03
6ff63b49b0684e08b01e5c43b304fe75,Michael,YamYam,5,14,0.03
70d3912ab061419db0af8c0b8faa56ff,Selfing,Tommy,10,23,0.03
753f8ad1b8464ba5a4b1164a0a9b6e4e,Obi-Wan,Kenobi,27,78,0.03
9c9ff0ebc6ed4f2493411b352223ac12,Chinonso,Ejiofor,26,63,0.03
a058bcd7910d454395e62102e798f0f1,Itunu,Fatoki,5,13,0.03
ad081bc6c0e644158b2c76901c984973,Obi-Wan,Kenobi,31,65,0.03
b1d0fa6b28cd4501939ebc55c13c445f,Timothy,Olanrewaju,51,127,0.03
b4807a77d12d4ea4a72300654ab155ff,Garuba,Mohammed,20,44,0.03
b90cb31b55a742598577a5c807bc16c3,Twmi,ade,25,69,0.03
bc2df42c78974506951f7aa301b748ca,Esther,Omikunle,30,66,0.03
c1c4c452a026452eb6e3312046663770,Obi-Wan,Kenobi,30,87,0.03
c6a69165a7d843018f2c3ecbbf872b8b,Festus,Iyere,33,77,0.03
ce162aedc2aa4362bb9e08c859522d45,Obi-Wan,Kenobi,32,69,0.03
de8bb5c48c2643b2af039fb419fb23f0,Garuba,Sigma,20,43,0.03
e63c48784f614333893697a03fc70120,Nengi,Richie,5,13,0.03
e7f85c8c6c4d416c814d698d3bd4f2bd,ios,testi,44,96,0.03
e83f7d17a2364b27ad2bc470aff630f6,Garuba,Sigma,20,43,0.03
f0c1520a23cb425b8ed72dad8ccced5a,Obi-Wan,Kenobi,31,70,0.03
f3296bb44f4d40c3a7e199645349082d,Laura,Matsuda,22,52,0.03
f625f1259ef54598a6f7a27da39a50b1,Aisha,Shatu,53,121,0.03
f6f756335c3742f99d69aa91162f329b,Festus,Iyere,23,65,0.03
f829427f6e9646d9acda5303f7e4182c,Olaolu,Sam,53,116,0.03
f93804958a0b4c57a5c81529cc5737cf,Obi-Wan,Kenobi,29,74,0.03
faccdf69e21f4e57b0d7b0894afffc10,Gambo,Mohammed,20,50,0.03
014e34f74f004e7aa0be573ade637f28,dara,Fakoya,27,43,0.02
01cec4f5e94d4991b5c79d4142b6313f,MyNew,Duo,20,32,0.02
023b6ccad4d14bc88f9ea756af48839e,Yarmirama,Ashama,30,57,0.02
050c1a5109c54cd6a719fb2562a951cf,Gambo,Sigma,18,35,0.02
05be447bb0c74915ad53aabe3db051c3,Tas,Lim,20,27,0.02
090a94f62d7c401990d8b7ed5607b2c7,Enoooor,CW,44,60,0.02
0a2baac2599642a18ab11f6784a140e5,Gambo,Mohammed,18,29,0.02
0aa2c1b04b864e7eb5f1cd6c82cf52fa,Sandy,Cheeks,20,30,0.02
183bd96779f24628911ad4494199f09f,Khosiso,Chukwu,26,46,0.02
1e9a9a115ed34ac7a415fc92db39a477,Onboarding,Flow,20,29,0.02
21c8aa0ddc7140bf8828da73dc325d73,Yamira,Ashama,32,49,0.02
275bcc3a96df4e1a93696ca990f7a2b4,Obi-Wan,Kenobi,30,43,0.02
2ba096f5213d4e5e8c36f30cfd0ccc68,Tas,Leem,23,36,0.02
2cdbbb19a3f04a09a6f74f2f2c3496b7,Favour,Felix,3,5,0.02
36783de4661748be9de002d567ef0dfe,Hahap,Jajay,19,35,0.02
39b02ccdcf0548ed9051a08abbab405b,Tas,Lim,22,45,0.02
3dba82a793da46e5aa4a7d148c88aa48,Tas,Lim,23,41,0.02
405b4f4b5af240dd937a6cd78e75908d,Omokhose,Dania,44,65,0.02
43ba81043ec843868ffd9c6a3d6d1400,Chima,Ataman,15,29,0.02
4443d5c57b8549a5897bbfe2c5aa8ca8,Microsoft,Clarity,17,22,0.02
471207f4caae4fca9a44ec7e8e6e0ec5,Tas,Lim,20,25,0.02
5928e8f10e8e44baaac2d93225d033e3,Obi-Wan,Kenobi,27,34,0.02
59d84fc367384da08685f5368289684d,This,Testing,43,85,0.02
61b4ea38b8184059bfe97d788d260054,Obi,Uchenna David,54,91,0.02
6c7072e41c8845148047d43556713271,Gambo,Shehu,19,36,0.02
6d763c381a11400c9f34b10c214e2173,Ahmed,Ade,20,41,0.02
7a12b53865764ff4bd25853010f8ad3f,Timothy,Olanrewaju,64,82,0.02
7affcd43f69e44b9bfb8aba36f916d9d,Mikail,Williams,1,2,0.02
7b561d04a0c24c75b4da8f2196e506a2,Test,Test,2,3,0.02
7e1e426ef9e844819c2a11fcdb89b1d6,Tas,Lim,20,39,0.02
81b4098cbacc4b6684d9058cbb3e81ff,Obi-Wan,Kenobi,32,58,0.02
85c08eeda75644e1a0cdbd2a83a585c6,Oyinlola,Akindele,51,86,0.02
88c44272bafe418ca5442935474f199e,Esther,O,25,37,0.02
8b474376d3454a23879e4140560a27ab,Upson,Denver,16,22,0.02
918ea18a3ad54847ac75f9851caa76a9,Bvn,Bvn,19,24,0.02
92e128bf42054e89a10e2523745e838e,Gambo,Mohammed,18,28,0.02
93c744a015274135b940d893faa19818,Gambo,Shehu,19,35,0.02
945457ee4a544561a383a619e18838f8,Yamikoko,Uba,26,36,0.02
967cd33144a9403a8ed031be0cf5f790,Tas,Lim,22,32,0.02
9aa3c0223dcb448da40fb22a443082a0,Kay,Dan,31,61,0.02
9c6abd71cff34ad3bb694d569048b119,Gambo,Shehu,18,28,0.02
9c95fc1e7ced44aaa84395e4d2dca5ce,Gambo,Shehu,19,36,0.02
9e2699fd87e842c39202fe786a9bc97a,Hadiza,Irumah,2,4,0.02
9f34ed1cea8f457dbccea0652440140e,Tony,Capone,75,102,0.02
9fa0aa5af0434bcda0f42128733d08c0,Feyisayo,Sonubi,25,35,0.02
a0e3d01f4b73452eb930ac931bb5958f,Festus,Iyere,48,82,0.02
a2c6f4df4b724714ba95b34d8f6a0b90,Gambo,Mohammed,18,31,0.02
a31700dd40084cad995fe5ae674d224d,Gambo,Shehu,13,18,0.02
a32bb7c295c94bd5a6dd0538406b4458,Leop,Niom,16,22,0.02
a41c9d1cd8aa4e05b2b9c99ed7ad1e7d,Uchenna,Obi,6,12,0.02
aa3ae20524b1421dbadb63fd9e8284b9,First,Test,20,31,0.02
b01c641dc40d473e82f78bb543ff5d54,Timothy,Olanrewaju,44,71,0.02
be959f8b16c8473194679bde22ff2643,Gambo,Mohammed,19,33,0.02
bec356203f054a7d8de9a7565508be67,Tas,Lim,18,29,0.02
beddd267ead2416d8f0f5f03293283da,Festus,Iyere,18,36,0.02
bfe4e5d08c2a4ad9b7ebdf3d5af1acb9,Esther,O,25,36,0.02
c04bfe41992c4ace9a649f44dde46a31,Nav,Test,36,68,0.02
c1b0cfbf6c13435db73cfeedbb5dbe85,Esther,Omikunle,30,43,0.02
c308d246f968463d998635ed19877dce,Gambo,Mohammed,19,33,0.02
c3ff4c3d085a4c12a04c520df7deb149,Gambo,Mohammed,18,29,0.02
c8486389ef2e4568813224af40c3ece9,Daniel,Coker,4,5,0.02
d32c630b3b6e4eb79dfbaae90304a9c7,yayo,piston,37,52,0.02
d65c438f209d4652b12f70f4ecd6927c,Gambo,Mohammed,18,37,0.02
d84c269140be4419b489bed2cf373891,Tas,Lim,23,45,0.02
d8b27d44de734d9e973913e74ca3e9e3,Tas,Lim,22,32,0.02
d9832ba0b06c40be8ee1eb1d97ff3f38,Chigozie,Ochuba,2,4,0.02
df8b2293ef344f4abb862a02112d4e42,Tim,Obeisun,10,14,0.02
e11d2e0caa2740ffa45e1ac3b79d4027,Festus,Iyere,33,58,0.02
e2977ff4559141ba9819f3a23efef11b,Obi-Wan,Kenobi,27,43,0.02
e3b863b7f1654aeca3c941423e35aa03,Fathi,Babayeju,1,2,0.02
eb32b23c8dab4dfc8bee81cab1761d69,frer,Mohammed,18,36,0.02
ec435b9e0145454592a87ed3e854fd6c,Sombra,Cheeks,1,2,0.02
edab4ad0739c4f23b156eff2b6c72f3d,Onboard,Flow,20,39,0.02
efe6a547d1204a40852b0528e521605e,Omolewa,Grillo,25,39,0.02
f1b4199d25974ac1b3390ef499be50ad,Festus,Iyere,26,34,0.02
f37ef7a3dde54f038071a53272ab0a35,Tas,Lim,20,27,0.02
f56e6be504904f73ae32fac0f59b2948,Damilola,Adesodun,30,61,0.02
f574f1f2ef414990996ae4ce639f2f4b,Esther,Madam,31,46,0.02
f5f5f5f85ac045c2b04c9e56ef4cb2de,Jaja,Opobo,20,41,0.02
f7bc4d4f9d5e4633bcdba32568181069,Esther,Omikunle,31,58,0.02
0081f354fdc54a83abf66579629eba34,Timothy,Olanrewaju,47,51,0.01
01b6220d3c924888921599effa2142a1,Tas,Lim,18,10,0.01
03da7601f3fe46c79a3100da4fce1f95,Esther,Omikunle,27,23,0.01
03f359c97eb0483fa1ae8fa838dd22a8,Tas,Lim,18,9,0.01
04c16501b8ea4f71adbcff578bc2cc28,Self,Loub,10,8,0.01
0526eee494fb40fe8e2b24fd4088e41b,Garuba,Sigma,20,10,0.01
0607086077544c55833e09d3b449df75,Obi-Wan,Kenobi,27,16,0.01
066a474fe45b4024b2410d9e0b9aea86,Gambo,Shehu,20,9,0.01
06d73a882815499ea6eaf4678ed279f5,Feyisayo,Sonubi,57,69,0.01
072504cb229248288c57386a5a5811fb,Emergency,Onboarding,20,13,0.01
0792de73788143e180789a5852939f35,Zikora,Ross,5,3,0.01
07ae11b1453b42f6b7e4086557240a72,Garuba,Shehu,10,12,0.01
085e42f793fa442c8670eed4a10c7465,Sombra,Cheeks,2,1,0.01
09a4c4927ae8435d85dbdaa879240ea2,Timothy,Olanrewaju,44,22,0.01
0ab451de84044ebc947550b47e5c2499,Jersey,New,20,10,0.01
0b61d59179e84587affc3c17825e21c6,Tunde,Kunmi,2,1,0.01
0cf2369925af40ea99e5a44e7794f09b,Uchenna,Obi,20,15,0.01
0e33bd8b3e0e40ad94021263cf7e1bd6,ntest2,ntest2,1,1,0.01
0e93554740464c2d979bf92620cc564d,Johnson,Bello,3,2,0.01
1012e7089c674c49bce1ee2cd31fde5a,Yami,Ashama,10,8,0.01
10cc87aeca044ff98ffe675f350f812b,Junior,Tester,3,3,0.01
11f91ad38d4b43cc8f4783d1f096d5b6,Signup,Bvn,20,9,0.01
1304e9a6279f496982ff63f67a2c6d1d,EstherW2,Wins,15,12,0.01
14128cdf40bb4385b7823494e7cdeba3,Yami,Tomato,53,55,0.01
1526f3e212e7403384c4cc4f2a5038c7,Nwachukwu,Ejiofor,3,2,0.01
1931ab72a6614864a8f2cd176d3f6a4b,Gambo,Shehu,18,15,0.01
1d51665cfb944555b2bce7d331fd885c,Ibrahim,Olubiyi,19,21,0.01
201fd9e97b924d6a96e945869070906b,Fah,Fah,3,2,0.01
21826651f06946fd96b62bb67ec875e8,Ibrahim,Olubiyi,20,9,0.01
21bdca5b10d64e0cb04833c25bfbf360,Julia,Canto,2,1,0.01
233e07ce6d794f7f8f47d1b2f675c747,Thank,Tim,2,1,0.01
23f1c73c6e5e468d98bd8e5364bc3763,Iretiola,Popoola,5,3,0.01
26ee2882bdc8402299e902a279f7c998,Obi-Wan,Kenobi,29,16,0.01
293e73ea422c434eb72259dfc77266a1,Jennofer,John,8,4,0.01
2987eda2405a4053b6fd09160944c5eb,Naruto,Uzumaki,23,13,0.01
2acd78d385a64c18b4fdee7dcbc0b203,Obi-Wan,Kenobi,27,22,0.01
2ad99e4694c44614bee67a81026cb325,Adebiyi,Grillo,20,21,0.01
2b5a91e5b1564426b78c47cd2a8a22f4,First name,Last name,10,5,0.01
2c0cf7d384af439c9460e5691c07ed2f,Garuba,Sigma,20,10,0.01
2d2d6d49d658473f879c90d10d057249,Obi,David,17,9,0.01
2ee6ef93e9454ee883b089477da41ee6,Obi-Wan,Kenobi,31,16,0.01
328c6ebf40294d99aed11dad5e5a36f0,Great,Spinner,19,8,0.01
3349a653305a47678ab21bf025df8d8b,Gracia,Ashama,32,29,0.01
338b008e47074360b48dec98213e6fd8,Mrs,DUO,21,23,0.01
34c3ec4a7d4740b29144f142fa1bff73,Edward,Popoola,38,18,0.01
385b62d971fa4be99853723601cd0356,Onbos,Flow,20,10,0.01
38c757fa310141bd96433e6b7b674715,Garuba,Shehu,35,22,0.01
3993dd844ec54bc2ba1d0fbcd9b66faa,Uchenna,Obi,19,11,0.01
39d1eb4d2a9341e8ab344d1bf2bb9bf1,Favourino,Felixiano,3,2,0.01
39d93d145b444c78bf5425a3850cf78e,Ed,King,51,48,0.01
3ab5c777c773478eb64bccc751e97ae8,Obi,David,3,2,0.01
3b5aa2687dff494e98f3389c57e5befb,Juice,Apple,20,11,0.01
3bb796d4cdb74b7184ee17e98755e8e1,frer,Shehu,19,9,0.01
3bed020b1a704a9a8637724fc9e68bd2,Esther,Omikunle,21,12,0.01
3cf31d44ba9c4f12bd4322995a4b4b27,Onb,Tea,20,12,0.01
3f5f963277d74244a765ef39673a7ef5,Khose,Dania,25,28,0.01
406f7bb445de4f0e91a1bbbcdbb52cb9,Gambo,Sigma,18,8,0.01
40939c134dcf4a19b291276c10637d9c,Just,Man,2,1,0.01
420ad78df07a4612a3c46564e6d53aa3,Garuba,Sigma,20,10,0.01
4287152849c445f88439e27b51c078d9,Harry,Jameson,19,9,0.01
42f0c6878a93421e870f8735441826fc,Obi,David,3,2,0.01
4460a779807f4ab0b0608c1eda7370cd,Gambo,Shehu,19,9,0.01
44a307905e8741aca5f60151dc6d7f7e,Web,Duo,21,19,0.01
457c6a08a5614341a319d2761f552884,frer,Shehu,18,8,0.01
487180b0282847abbcb0d64dfeaa63c9,Chinemerem,Felix,3,2,0.01
487250875221458aa4229355c46cc3c7,Yarmirama,Ashama,24,12,0.01
492421ea8ceb473c8ce20e6ff036f1f4,Delaware,Denver,20,18,0.01
4a7273a2357e44be8ef28ae39a23b780,Matt,Ikues,5,4,0.01
4ae0534cee1845e49c5c9806773b74ed,Grace,Ashama,19,15,0.01
4b75762539ca4c27930f96111510e93a,Festus,Iyere,18,8,0.01
4bad0eaac464452c97619a7d0bca2b50,Tino,Joe,25,15,0.01
4cf260e5ca1a45fb8a8d42e22f036293,Obi-Wan,Kenobi,2,1,0.01
4d18ef4e6665444cb40f18673c2bbffc,Yami,Jeremiah,13,10,0.01
4d4c6bf19a784ad88f2e8c092f8e706e,Felicia,Gambit,20,20,0.01
50ffb8552df54be29dee9a515cc6cf53,New,Duo,22,17,0.01
5118900694bd4ebb96fee8eda581cbbb,Khose,X,24,14,0.01
544d36e7249c4cf9b1da1d9b676b18b6,Princess,Instant,22,11,0.01
57888144a53545a99bf834c9904ad135,MainN,Duo,20,22,0.01
57ddc708a5804372899fe8f827f5f979,Daniel,Coker,16,9,0.01
58cbae5faae344c3b86aa403669855d0,Gambo,Shehu,18,9,0.01
5ae01f719fc144afbabec67fdaaf99e8,John,Bull,4,2,0.01
5c038ac33bba4dd3b069d8300f33bdfb,Sombra,Cheeks,1,1,0.01
5cd31a65c47d46d7b047296c1caa3796,Obi-Wan,Kenobi,29,14,0.01
5d15553dd99f413da7845055b54822e1,ewe,Sigma,20,10,0.01
5f0698d8e46042158fb3e95f5761c9e5,Mrs,O,22,11,0.01
5f0ec4c6ec7e426d9c780bac72317522,Web,Nester,3,2,0.01
5fdde2afa0bb4b08994af6632eece108,Device,Reg,26,14,0.01
61a9a5bae39d45d2b7dd3d73aeedd697,Sultan,Gandoki,20,11,0.01
62062f4742f646b8b5f3b085de11096a,Obi-Wan,Kenobi,31,20,0.01
622a265463df49fb85c6966973ea2e7e,Hadiyah,Solanke,3,2,0.01
62b7d49bddf948dc98e4640c46a5e278,Obi-Wan,Kenobi,27,16,0.01
63dc756a21734732922a1e62a3dda7f1,Lily,Tobias,2,1,0.01
6533e90d901340d28105e7048e494714,Festus,Iyere,39,34,0.01
6545d35b982f425ca26fdf51a84d0cdf,Em,Testing,19,9,0.01
6a5f4d2af6d8439398f4abfa6f4ec43b,BabyShark,DoDoDoDo,1,1,0.01
6a8d98655ea24dee9b36e7dda3cfbb5e,Obi-Wan,Kenobi,27,12,0.01
6a9270e8364e4405a328de179068d9d7,T,Banks,3,3,0.01
6b15d2a3c01e4f8e801e63690da5029c,Obi-Wan,Kenobi,31,31,0.01
6b52ff3205eb4f9993fcbaba2380f534,Obi-wan,Kenobi,31,32,0.01
6bc6a421853641509b240398c23f3ea2,Gambo,Mohammed,19,9,0.01
6d6d94cb341b4548929a6a9158d41a70,Obi-wan,Kenobi,31,28,0.01
6f045b731a4041e58749a518cda2cb6f,Karabo,Mane,2,2,0.01
7214313bf87640a4afb3c0a81ba338a3,Festus,Iyere,33,19,0.01
7258b81a47074d25b8f5e43a621dd2e5,Fruit,Juice,20,13,0.01
72a1b530d1734fab846392f5fa425d02,Adimchi,Kaizen,23,12,0.01
73027edc3bc8428487b1027415c584c0,Ahmed,Olorigbeske,2,1,0.01
74b0c6f273424ce7a122a07c0f05ad02,Coach,E,22,13,0.01
750cd10ca82048608ae68ea3316d30f0,TaslimJr,Oseni,3,3,0.01
758291b704ff45cdbdf4260539e22071,Ope,Ope,53,25,0.01
76703cd2b13c44c3be2d8f9ed31ae890,Michael,Onariome,5,3,0.01
767a466180da4acdb906d18b00067b45,Obi-Wan,Kenobi,27,13,0.01
76d20ba67a11458f8e114b1e9985393e,Daniel,Coker,3,2,0.01
78cc60eed7a84cf8b1e9516d9cdbb5ef,Christiana,Uzonwanne,23,14,0.01
7d93ccb946c64bec8fcaf5a4893cb96f,Esther7,Omikunle,31,26,0.01
7da57e6a2bd641708c5e02b304ebaac0,Gambo,Shehu,19,8,0.01
7dc08d5a5ccf46bf9f300ebbba4b3cd7,Joe,Jonas,21,16,0.01
7ec8dc990abc494885c283b836f29af0,Tas,Lim,22,10,0.01
826d655905b74743b32b1d75b20a6673,Timothy,Olanrewaju,64,54,0.01
8803618c6cf547fb928998f695d5ddb4,Sombra,Overwatch,23,11,0.01
89a6d468d86641afb7e03c18720ddbcf,Gory,Bridgerton,20,18,0.01
89bab196749c495eb2196dd4a36a317f,Mobolaji,Olorishade,44,53,0.01
8a05e4b424254998a5e567279cb99e46,Martin,Ataman,4,2,0.01
8a16a000fd8f412a89de356de94a5dd5,Killiman,Jaro,46,36,0.01
8e71b990b17b4e09a271f0fd5dff9cdc,Esther,Omikunle,22,12,0.01
910db40bc2c6427ab359e51d84622b05,Yamikoko,Pendo,5,3,0.01
91e37a43851f40e49653874691ea1340,Create,Duo,22,11,0.01
92e375aa763a49ef844061439ec65879,Heitinger,Putin,37,21,0.01
93e67d3ee3d448dcb6986c124c0209b4,Edward,Popoola,56,55,0.01
94b0ac569e13412bb3e4f43d89de6bac,,,31,16,0.01
94da4cf1314b4b6ca55d7780d618d4af,Gambo,Shehu,19,9,0.01
9617236fe1aa42619b249f4529573f58,Garuba,Mohammed,20,9,0.01
96ef884bceab46b99bf146fcbba0e70d,Gambo,Mohammed,18,12,0.01
970faa770bbe4285867c6cc4341fda68,John,Donald,6,4,0.01
9773902c135f4214b17060690ff2a2a8,Dexter,Green,1,1,0.01
987e254b475a40d38bc0b7eb1282e458,Obi-Wan,Kenobi,27,16,0.01
98c9737ad1b448f5ae091dd095d9b6ce,Quebec,Trudeau,20,9,0.01
997667e5b2814d199f977586de50fe4c,First name,Last name,9,4,0.01
9cbaed8bf2de4062ad13b0af187bd9f0,Obi-Wan,Kenobi,30,16,0.01
9cc9b2b01ddf4aa68e204f67e01ca25f,Ope,Peters,38,21,0.01
9d3348bb33f04de3a266dbd66b6cf9d7,Tedit,Cad,25,11,0.01
a19e319edd3745798613211abb7a2f6e,Esther6,Omikunle,31,25,0.01
a28b69a830674255a64193136f2c064d,Iphone,User,21,22,0.01
a38d6a58005b41ef95f48595aab867fb,Henry,Miller,20,10,0.01
a6204017423545a0866653d43ccc8ddf,Apple,Eyes,20,10,0.01
a62c3ea3a6a7492283aecb937f910c1a,Emergency,Test,20,11,0.01
a82e5a874dd44fbf9bcc38dc3854da86,Garuba,Shehu,20,10,0.01
a8a4d86e901143eba0f598013d570bc2,Andy,Andy,19,8,0.01
ab545ae185034c33b8bbdb0e2ad3009a,Kiki,Grillo,3,2,0.01
ab8bb62e922240c8b1503e3e8f0a8bd4,Are,You,20,10,0.01
ac369d408e9f4da295738122e77cf513,Obi-Wan,Kenobi,27,24,0.01
ae89c480daf8405fb57d639b646c8be6,Eleanor,Bridgerton,20,10,0.01
af32428ea6c4458781e82c44fc538482,Adebiyi,Grillo,33,27,0.01
afa0793686174760837265cd224a0036,Gambo,Mohammed,10,9,0.01
b09594633d3946d781721197a91fd8c8,Haha,Papa,20,9,0.01
b1180130c5af41779e6de0e63e880077,esther,halal,24,12,0.01
b2a03a31879c44298ab231eb9342c594,Obi-Wan,Kenobi,29,16,0.01
b2b1fd97684c404889c932cb7ae1f272,Tas,Lim,22,10,0.01
b31c8fdf45e74bd5a86631e0f7631c6e,Esther,Omikunle,23,11,0.01
b4b402a57d0c4eaa93db89880a8ae8ed,Obi-Wan,Kenobi,24,20,0.01
b4cf2cc4be6e40489eb08e3df3973096,Hyacinth,Bridgerton,20,12,0.01
b8ec2b09992b4bf98d2895356c171640,Kiki,Grillo,3,2,0.01
b93fc5f9357849cab7244f1a7cf9cb35,adebiyi,grillo,2,1,0.01
ba309322c8c14d88b70028082b993b46,Stephanie,Bridgerton,20,12,0.01
ba591ce74921431ea2349b53e54650a1,Tas,Lim,22,17,0.01
bb0cb0d44c99476ea9d6b15cff9eaf35,Festus,Iyere,25,12,0.01
bb0e119bedff4c28b13f67b2eaab49d9,Focus,Hocus,25,16,0.01
bd10369c341843f8b696cf96c76f3452,Tas,Lim,22,12,0.01
be955daa1d864ac6b4c0506e1d362fbf,Gambo,Mohammed,19,8,0.01
bf69d0fd68ad4809b8c680f866b96237,Obi-Wan,Kenobi,27,14,0.01
bfadc6c497ff46b0abdb69308cdd57f4,Flow,Test,20,11,0.01
c082c165ebbc416398faf6486632e608,Obi-Wan,Kenobi,34,34,0.01
c25af3630bda4bffa8a6c4d15bd28bf5,Richard,Bridgerton,20,11,0.01
c265bfa8972347ba82d06621a327d062,Darlo,Benson,19,21,0.01
c2fba2fcafe1445dacdabfc8b3869bc0,Lilibeth,Dee,1,1,0.01
c4f3c33b865b47d1bba8ef09912a764f,Obi-Wan,Kenobi,27,26,0.01
c71b29fb83e541dea7a03dd3abb1268d,Ibrahim,Olubiyi,18,8,0.01
c7ac99beff3a48f1bebf27a48dd8e4ba,Gambo,Mohammed,19,8,0.01
c91ed8e84744454ea1050180d5b3de53,Gambo,Shehu,19,10,0.01
c985c01f85d94a7f8a6e213c2705a6d2,Obi-Wan,Kenobi,27,17,0.01
ca8a13c15b244d8298f70ca094257c8f,Bula,Haba,20,11,0.01
cadd6ef23c164c0cbfc12d2cf507ce20,Instant,Save,22,12,0.01
ceedde8287894fe9b86d94dcdefeef80,Tas,Lim,22,10,0.01
cf2385f272bb4311915e51abc5437644,Balabu,Bulaba,20,11,0.01
cf5db53462544b17ac2c323ce4b22f81,Obi-Wan,Kenobi,27,16,0.01
cfc735efb6874e2fa0c11f0c43839965,Yarmirama,Ashama,38,20,0.01
d11959de383e4717ad7a39189d517ccf,Obi-Wan,Kenobi,2,1,0.01
d126e9f1914c40fa945937a9bd72ddba,Adebiyi,Emmanuel,2,1,0.01
d21c2aa35647422d91d83b1641a9ebba,Gen,Test,20,23,0.01
d2ef02312087402596800e13521f7d18,Jordan,Bridgerton,20,12,0.01
d38976e2a7854b97be211103308d3803,Tas,Lim,18,9,0.01
d459373f3d4d40eb97f0d567e22a708a,Chief,Mrs,21,11,0.01
d510705f517d4875a1ceb7fb8b891eed,Khose,Dania,25,30,0.01
d6287cf6c47f456681f2f6086ad6643a,Kizito,Isifeh,26,17,0.01
d70665e80e3846a58c8795570715428d,John,Tima,18,21,0.01
d749108854e3448eb802ab2d4f41155c,Jinola,Junpyo,3,2,0.01
d76243ba830c40bb947ae1ac088f704e,Esther,Omikunle,35,34,0.01
d93dd943e0804403b7aed5d7e9ab4a04,Obi,Uchenna David,72,32,0.01
d9f7c84bebea4faeb16c2ccbee96f89d,Bvn,Removed,23,10,0.01
de3a65dc77cf428480f6304151e91e6b,Harrison,Wells,25,14,0.01
dff1a9c25063449ab40a5893ecc32fb0,Bank,Test,22,11,0.01
dffea1dcf7b047cdb78f7b0a12c9da2c,Obi-Wan,Kenobi,29,15,0.01
e0b688170f174c81b6dbbbbf528d9ab8,Garuba,Mohammed,20,9,0.01
e1970d4cdc1f4b46ac30bf1d0fed3ec9,Khossie,Dandan,26,14,0.01
e2b4b1c0b3954437b22181106f62df42,Mimo,Loluwa,3,2,0.01
e312b8c6845c40b594b65964054da7e1,Obi-Wan,Kenobi,27,14,0.01
e4a6d57e2b754dcf87f650578d4f4503,Instant,Save,22,20,0.01
e4dc0ee4a7a6405b9dd5f2a63f0740dd,Tobe,Ross,5,3,0.01
e524101629dc458f98f52d5cee5e1c73,SharonBaby,Falomo,2,1,0.01
e7e1b5294bbc4ba8a63082cd710bfccc,frer,Shehu,10,9,0.01
e864de88f8aa47a592ff970d7ba867e7,Garuba,Shehu,20,10,0.01
e895fe558f0943518e5f9b1adbf999f0,Obi-Wan,Kenobi,29,13,0.01
ea6ba33512234b1f89313d8bf0000798,Gambo,Shehu,18,8,0.01
eafa53efb3e6461da85fdddfcc3be2ab,Demi,Coker,3,3,0.01
ebeb83d617184d5ab34e29f676c7bad3,Obi-Wan,Kenobi,29,15,0.01
ec821c8002c2405a8f09ef7ef0c52012,Timo,Wern,25,11,0.01
ee248dcec14e432788bad4d7dfb0cc31,Ceo,Esther,22,21,0.01
eeaaf4120dcb410791a3e3dd96339a78,,,31,34,0.01
ef2eff629a364d3b972719ffab6cbfac,Tas,Lim,18,21,0.01
ef3c1956802c40dea32ff42def82dae8,Ythy,Bhhj,2,1,0.01
ef605992d9054143955fb47dd0ffcfab,Ian,Bridgerton,20,10,0.01
efba4f4b4bcf403aaf814353addbdb6c,Esther,Omikunle,30,34,0.01
f0556bfa76ba4b6eba9a0723c6859ac4,Tas,Lim,20,24,0.01
f14e3c77cf1b4a55a02acbd4b504f48e,Esther,Omiks,24,27,0.01
f4b4a4d9d2d34650b29714a5ed586669,Roosevelt,Bridgerton,20,19,0.01
f6e7ef607fac4b1a913cbb103d21828e,Join,Duo,22,10,0.01
f7ee9ced0da64b20a373505ff162c446,Tim,NewTmy,10,6,0.01
f8798fe5402d4e8b89e2beb284b0282f,Garuba,Shehu,9,7,0.01
fb83d51e8ee14637b4c7e64b7dfdf44f,,,31,20,0.01
fca38ac128f446a5a8a64131e7462291,Heartbroken,Uche,2,1,0.01
fe7fd348da874d6da067d34c93732ada,Obi-Wan,Kenobi,31,29,0.01
fe9e6f3a41414a2db8bcb106fd359862,Khadija,George,35,23,0.01
00372ecec6e449c595fb44b7a5f2c9c0,Esther,Omikunle,23,0,0
0043d851435740f59180a27a136899dc,Garuba,Sigma,25,0,0
005320d615be4bcd8a18a1631406cc86,Yami109,Jeremiah,2,0,0
00603278f1494e19aa0403a6ac97806f,Tas,Lim,19,0,0
00995f15e2544579a643566e5b9b31b0,Omokhose,Dania,30,0,0
00aab34a8d5d4591942b3f4ce1ff8aa2,First name,Last name,10,1,0
0106c8c221874837a96d7dc2c2ed2fd5,Second,Child,5,1,0
019a7f9eab9b4926ae9c33e6a9ff3b5d,Festus,Iyere,10,0,0
01a1d3cbe5a748f59ca43ed41b9beba5,Tas,Lim,19,0,0
01fbfefabc7f4b299fa8af652beefc3b,Garuba,Sigma,25,0,0
02013b020d2440768791d606e25a0ca3,Garuba,Sigma,6,2,0
024dca1af22646fd96404237ef278726,Favour,BabyGirl,1,0,0
02a2f44786804408ae333a17a057aa28,Tas,Lim,26,0,0
02eb359af2a447b4a869beda8734d880,Awolusi,Emmauel,44,0,0
0319646d91a6473696e9e3880df95c8e,Kyle,Liz,21,0,0
0362cc8c8f2c4fc2a173dd86e0dbdd02,Nest,Invite,3,0,0
03a7576a09734cc2985c8f49fee56bdb,Nester,Nest,3,0,0
03af9c7a1b164d30905782a496bb7a58,TaslimJr,Oseni,3,0,0
03b5be2db9614c52a0d5808e6c56361a,Garuba,Shehu,25,0,0
04473349952a4944bbaaaf4deb488afc,Tas,Lim,44,0,0
049024d5f950469d8ea3d81e1396a5e3,Testing,Test,38,0,0
04a0cb877da34ab89a9c7e1fe6fdc8ac,Adebiyi,Grillo,18,0,0
04c18d08979c43c8a626b86c1391ef97,Garuba,Sigma,25,0,0
04cf9ffaa4c543998615374f770b6739,temi,temi,34,0,0
04d3260d6b8b4c469ec1bab74adf013b,Garuba,Mohammed,20,0,0
0503fb36a18b4e16ac3a676f639e435d,Good,Tom,2,0,0
055cb8f0dbf8415f86dfb187bc367e9d,Oephila,Bridgerton,20,6,0
05609ebe749e4d89b798bb494eb0d77d,Gambo,Sigma,18,0,0
0563ace1c8174837988f1ac152b5f3f4,Garuba,Shehu,25,0,0
0648ce0c17dc45cd8fe1b65849c7b347,KayKay,DanDan,25,0,0
0649cedeb87c4332b1a8c309331a1881,Sombra,Last,23,0,0
065340811a9b41e8950a1aa96ac419e8,Garuba,Shehu,25,0,0
069d1b568f174e85bc0c2ff23e7ea511,Alfred,Emmanuel,20,0,0
06b3747e43f440c8a6579b7240ebe397,Tas,Lim,20,0,0
072b84a1f86f48fe86a731f9447f2175,Favour,Felix,3,1,0
072fb4b377b24acaa83de46d428456d5,Sombra,Overwatch,10,0,0
079ce2e02bfd43aa9219ce37a3f76579,adebiyi,grillo,9,2,0
07c145cab3584e64bef1d0c58711f2bb,Garuba,Shehu,20,0,0
07cd9b5bda454b25bbd97ea76a721079,Festus,Iyere,3,0,0
0833a14fea3845b6949254fa4db9555a,NULL,NULL,31,0,0
0839b7603b6e42bd951edf55d14d1308,Tas,Lim,25,0,0
08ac943d64e94d4f825e84e215c7e069,Temii,Tope,36,0,0
08c6fe3b46df4c318a00951642001e71,First name,Last name,10,1,0
08c7db2fef704ea194493185199ad2c3,First,Child,5,1,0
08e88097ab814f75bed5de37a8017715,Kay,Bae,25,0,0
09dea74654bb4b0fa0c6772f24cb99e2,Tas,Lim,20,0,0
0a5e3842241b47ea8fb45fc1bf664063,NULL,NULL,26,0,0
0a74a3fc84034184b9d2bf65f6f39dee,Adebiyi,Grillo,18,1,0
0a87474c039944d4b6160276e3fa5c46,First name,Last name,10,1,0
0acb36179fee4ae4819fd9787d264587,Timo8,Obeisun8,18,2,0
0b5bbde585604a44b043f7091cbddf43,Obi-Wan,Kenobi,31,0,0
0b9b0efbd48b457a9133253004e8cdcf,Garuba,Sigma,20,0,0
0bc2cc5433df4e58a909831c61dc37dc,Ope,Peters Pete,47,1,0
0c01b658aa0d4c1aa3a41d9620012aca,Jayden,Smith,34,0,0
0c3aabad69014ab5aa2a05adfa4684b7,Juhla,Jones,3,1,0
0c87657f50384115b549bb2aab4f65d5,Obi-Wan,Kenobi,31,0,0
0c8bc6dcf1d94f93975a399c1784ad24,Obi-Wan,Kenobi,29,0,0
0c97c6625f2e44488be86311ba19f48e,Self,Work,10,2,0
0ca465bf63424c13b452796a47dedc9f,Event,Testing,22,9,0
0ca983b0b0c54c7a8e7188ed8cd910dd,Tim,TommyA,18,0,0
0cedf67d47b64801b1a26ef333a59049,As,Afv,44,0,0
0cf70bbfae81438ea92b8ba8a28d2586,Jerry2,Jeremiah,5,0,0
0d61cb6dfaf54180ac572bce1300c80f,Jigga,Richy,37,0,0
0df01f83e7bd4b09ac2cdba7869d93fc,Garuba,Sigma,25,0,0
0e05e299d88e4cd2a8feaaf9535697b5,Garuba,Anagbogu,25,0,0
0e388eb69679446f955ee1a88013161f,temi,me,37,0,0
0e4cf48f5dc74366b955abe88c6dc77f,Quantity,Surveyor,20,3,0
0f016be00808455f8de5f0f04090f752,Mobolaji,Olorisade,53,0,0
0f4f143a834140e38ad14397bac9990a,Gambo,Mohammed,18,0,0
0f80a85d15cb439f95e1f88d4eafa482,Self,Rohn,10,3,0
0f99f05bd851428fa10f671bbfb0c615,Gambo,Zulum,24,0,0
0fc5197186494316a05fa388a1bfe237,Gambo,Mohammed,18,6,0
0fdf96431e534d5b8f7865e3fe646e80,Temi,Ejoke,5,0,0
10001425ce864d2980f9d40f3afa5215,Christopher,Ejiofor,25,0,0
103b60aa88024026b666fa60cc276909,Yaggi,Jabi,18,0,0
1077a5446e4b44bf9e11e5c9ab02778b,Tee,Man,44,0,0
1084afbf8a464b099ed70670595640f8,Ebenezer,Akintomide,2,0,0
10df259873b64c768621b5a6ef1cb152,Obi-Wan,Kenobi,28,0,0
10f2447e17a34611ab6f1df7a6e65b03,weewf,dewe,10,1,0
10fbfb90fa5043f58fe202440efc09a4,Tas,Lim,26,0,0
11526cc834b942f38e851a1a9600a74f,Gambo,Shehu,18,0,0
11af8c455bf747a49e7115425f84c5ee,Timothy,Olanrewaju,49,0,0
11b6dd446dea494096d2eddcf25d7cd1,Second,Child,5,1,0
11c13bef46984dec8195c53730ccace3,itunu_nt1,itunu_nt1,1,0,0
123fddb173fa4a0b830d44c134324773,Garuba,Anagbogu,25,0,0
12436e9fe1d94251afca9f468522a920,First name,Last name,9,1,0
126d82e8a811471fabf05e9f047f465d,Tas,Lim,26,0,0
12752d88d5fa45e2ab2824ff9ecd7dda,Tim,Tombaba,2,0,0
131520a55fe54f9081f19394d2a2c4c7,First name,Last name,10,1,0
131608f4a1e94e269e3ac2375307f17f,Festus,Iyere,23,0,0
1335fc4c62084395b558afc1ee15945b,Caleb,Will,18,1,0
1367f66d7b874e8a892a206b384c39e4,Nwachukwu,Ejiofor,26,0,0
1379e2b38a374d37acd422aba2358a14,Obi-Wan,Kenobi,31,0,0
137c76d04a154cc8bb38983f56103727,,,24,0,0
13b3032ed82b4d8c99863777d67750c5,Adimchi,Kakashi,23,1,0
13cdd907b1af4693ad55b9dc56c9482e,Obi-Wan,Kenobi,29,0,0
13fe86c95d814e489339e93c4dd56939,Gambo,Shehu,18,0,0
148bfc6e5261449baea8f3d14fb93b25,Ifeoluwa,Oseni,3,0,0
14bec54f6b204527bf2a227366436463,General,Iroh,2,0,0
14d1e09dcf9f454b9a7fb34e080abde2,temi,adebiyi,37,0,0
1517f69e6e604c43b6d5ac0ac7a671ef,Favour,Felix,3,1,0
156dcb9f229d46b3bec1802c14094b0b,Ayilara,Olajumokes,43,0,0
1579560cf5e0403f8e7bd4f2f601f219,ewe,Shehu,26,0,0
15c2cc8a808c4fe888b9b2a7110a4656,Gambo,Shehu,19,0,0
15e8f7a7fe084ac9817d9407ff12fe0f,Garuba,Sigma,25,0,0
164f965ecafa4b1d8632b9040c7c72c1,Sandy,Cheeks,24,2,0
1682986e407548c0bcfe7ed2858f21a1,frer,Shehu,18,0,0
16af833c11ae4499b147f53907f3b7bb,Yarmirama,Grillo,5,1,0
16ff36720c4540d4ae7272d042b7423e,Tas,Lim,18,2,0
174e260070c6414180d717fb02697443,Tas,Lim,25,0,0
175eda77bebd4c55be07327a473c398f,Tas,Lim,26,0,0
17ce2f4418874f4e9a2e2251b26bdf36,Test,Testing,10,1,0
17d9345656ef4bf397ca59f2b5a32872,Ope,Cowrywise,49,2,0
1810a68354074f6d9426fc0ec05d9521,hacker,sarks,37,0,0
18172ed6099b4a448b4d589c0c7744e6,Tas,Lim,18,1,0
182e4ab81b94420ba429787d81a46908,Peter,Popoola,12,1,0
1837a33bb09543d28e77a399cba98b26,Gambo,Mohammed,20,1,0
1896fefd38e54d029fbe5ee60d292347,Sandy,Cheeks,10,0,0
18b0c15623f04c8bb7cd42bce7ae865c,Garuba,Sigma,25,0,0
18b6654dee044d1e9a1c596651ed0498,Yay,You,20,0,0
18c3b9575ccc4554b424d67d5a3e8985,Daniel,Coker,3,1,0
18eca30ec1774b60b49abaaa69ddcda9,kadaura,Mahmud,23,0,0
190824459f654bc493c6ea623003aa2e,Obi-Wan,Kenobi,31,2,0
196105f43a29424d924d73bb3d741eb2,Garuba,Sigma,25,0,0
198d987972bf4819b38866babb1eb964,Tas,Lim,20,0,0
19d242b47bc14c20b215a53b89fa843a,Garuba,Shehu,20,0,0
19d8351119824b308f07bca1921a7a8a,Garuba,Shehu,10,1,0
19ed77ef7af84e8298495e6b4206be6a,Sombra,Overwatch,23,0,0
1a06408348b340fbb89d460558760653,Garuba,Sigma,20,0,0
1a477560abd8420696dae258a2faf327,People,Culture,48,0,0
1afc6a82f634449288cc1ec3384f03c0,Gambo,Sigma,18,7,0
1b03a3f92c1a4c0bad74c07860e54e7f,Gambo,Mohammed,18,0,0
1b14dc7040484782b2001299907d44e6,Laura,Matsuda,22,9,0
1b4a17de56dc47f8bf91003b3fda49a6,Sombra,Overwatch,23,0,0
1b5b0c283d5246529b42d68c8bbd51c8,First name,Last name,10,2,0
1bfa01da0fd64e9999b7365a0545d3a2,App,Onboarding,5,2,0
1c03d00f9a754e64be540387b9d39e57,Partner,Duo,21,1,0
1c4a3e506cd04545af026e7fd3e3425b,Nina,Sim,3,1,0
1c5a71b6ed6040dcaebf5065d964211d,Enortet,Cowrywise,19,0,0
1c5dbc333ab3442e97daf332c20abc30,Garuba,Sigma,25,0,0
1cb40b2323ae4c139af2eceba1bac16d,Timothy,Olanrewaju,18,3,0
1ceaf36cb5d44d109f6d369fb5737bfc,Gambo,Shehu,18,0,0
1d1e1dc8685945e2b2dddc49803e2dcb,Timothy,Olanrewaju,3,0,0
1d31571b54e443cebc222e3572969a28,Tas,Lim,25,0,0
1d65170191994f4ebb1f07a88b2a811f,Tas,Lim,20,0,0
1d923ca31dc34176918d165e835dea51,Onboard,App,5,1,0
1d9a51032afd4e70b65e94a45d26fb61,Garuba,Sigma,10,2,0
1e0f9888d5a64bb187c3f836493fd146,TaskhoseJr,Razaq,3,0,0
1e1567728c4c4c4dba35a88dd987fe96,Festus,Iyere,15,0,0
1e5b0caeb13a408ab71053bca841c855,Tas,Lim,19,5,0
1e91a77d361941f29d63cbb4f156d50a,Tas,Lim,26,0,0
1ebeff364dff44f28952db40a4c12a88,Mayowa,Oluseye,44,0,0
1f9651b5e7f448e48677d780cb31a9b1,Gambo,Sigma,10,0,0
1fbb21fc40164055b89b4d4c9e21cb2d,Sombra,Cheeks,2,0,0
1fc6ef9ca4e244ed88c360356ad4eb0f,Garuba,Sigma,25,0,0
1fd0ff4237f54dffa385ef6b953b3eaa,Festus,Bloom6,15,0,0
20213c495b7b496d8d7374fcd24bf131,Test,Child,3,1,0
2067e31b7ee2445f8cf177089972e3fc,Garuba,Mohammed,23,0,0
2071c8b49fc74fba9d4ddf3c2bbddc86,Seed,Offering,20,1,0
20733dab758f4a2089da597c25090c56,First name,Last name,10,1,0
2078d5180a3c4ae991dcf80a9b4c67c2,Temi,Tayo,9,2,0
207fb31a6984478e85fa0182695d2b05,First name,Last name,10,1,0
20900fb12cf84499bbe193d54afeb1ed,Garuba,Shehu,25,0,0
20fe0b6bebed4507a5c6c8224b546c27,Obi-Wan,Kenobi,31,0,0
21186968ce5b4a449863cb15461de2b7,Glovey,Glove,22,0,0
212a8c68b2394f5d983ce40cca52e834,Niyi,Adekoya,19,0,0
218eedba623b447fa329fcad1509b374,Temii,Adeee,34,0,0
21cad1b51923468c8ce4d2ca27625725,John,Farmer,13,0,0
22453da565014a3f8798f2ebce2be30c,Garuba,Mohammed,24,0,0
226586fa80ba4d2b99524b21cf53bc8b,Tyrone,Lannister,20,0,0
2273aa50c6bd4eac927948254b31ab83,Great,Woman,20,2,0
22af70e7150f4b5dbb84c531562999d8,Lola,Cole,3,1,0
22bc59cdec0140d3b67d5ffdcb240793,Second,Child,5,0,0
235fdc04d47f453faea84674a297c74a,Tata,Papa,20,0,0
236d46df910643babd54580d5e0daa4a,Yunu,Baba,2,0,0
23cc98ac6aff421aab208ff46f8e5c73,Kokomaster,Dbanj,52,0,0
24560f920f634d7e8c90a9d14030742a,Self,Yuni,10,2,0
246debee35ad426bb7db37163caac2f0,Rajjs,Jabsss,25,0,0
24bbd403ebb2455ab39c934925cc7478,Wally,West,24,8,0
24bcbfc5b8414c61938019187bf3569a,Tas,Rapper,44,0,0
24f9806a7a4d47ad98a2bdf541cfd943,Device,Device,18,0,0
25269344b9b34fb0bfa281ee0d164f03,,,31,0,0
253c13f2646645308b136440e49623ac,Tas,Lim,22,0,0
257a1d8744d24be596d403f402e56940,Garuba,Sigma,25,0,0
258dc1f000aa491a90da194ca732a8de,Festus,Iyere,23,9,0
259320b5d999497abe06b473a2a736e5,Gambo,Shehu,19,2,0
25a4de8d736c490abefa194b279cee83,Oluboye,Adekunle,5,0,0
2629ddcb436642f8bcaf0e5aa96d9baa,Garuba,Shehu,25,0,0
262d1416e65f4a3f96fceb58faa8ecbf,Tas,Lim,19,0,0
264c41a7500a489088dddcdf90626db6,Obi-Wan,Kenobi,28,0,0
266797c6862b43e2bae00c118235cc98,Obi-Wan,Kenobi,30,0,0
267a2e5b5a8b463ca7ff5ed55370262d,Garuba,Sigma,25,0,0
268355bc12404483b487686f70dd5bf6,Tas,Lim,19,0,0
26ad7ab087254b76b9c36a02d856b0b9,Chinonso,Anagbogu,47,3,0
26ba1f8d365f4104afabf4d8d31b3769,Plan,Plan,18,0,0
26e74929fbde488b8413eeeecd7ac618,Taslim,Esema,18,0,0
273a54bd82b341829ee23d21e5927473,Dara,Fakoya,18,0,0
27ac39abff404f51af30bbd933089f35,NULL,NULL,31,0,0
27af3c7b0bb142639d279642964c93d4,ya,ja,5,1,0
27cbc86d9dd0474c8b32634999aed816,Tas,Lim,18,0,0
2840debc00f14573bb109ef49711425b,Onengiye,Richard,4,0,0
2847ca7ebdaa4a45893d74e82393afcd,Adebiyi,Grillo,2,0,0
2886d5784f1e4234b9109cdf72683f48,NULL,NULL,31,0,0
28d2bb914bd44c97b33455c1d8fd8c6e,Vladmir,Putin,37,0,0
28d763d1035b4a1483adced19a479a85,John,Ed,20,0,0
28e032a420814c77a0eb7aab13c2c556,Tas,Lim,24,0,0
28ef3dcb254041a49b662710ad7a1a3a,Bastian,Phelps,37,0,0
28ff5268151549a7a2d8349a49144c2e,Adebiyi,Grillo,1,0,0
29141f6ff24c485eb8c42bec3c7786ef,Obi,David,51,0,0
29289a162e944109919f0c4613f0897a,Timothy,Olanrewaju,44,0,0
295d61d49b284514a81cf847b572ac84,Garuba,Mohammed,1,0,0
29b994dc5025423c873973f1aa599d86,Bryson,Tiller,5,0,0
29c4e48ff29f4150a2e704c152670cf6,Tas,Lim,26,0,0
29d07956da0f495c8cd8e9a947c028ab,NULL,NULL,6,0,0
29e387ea0c734f7aa6552e733a34c30b,Ta,Adf,44,0,0
29e72fdefa754ba0a39d7be7a9f04781,Gambo,Mohammed,19,0,0
2a4982bf3c9241cb8c655e3276dbed63,Awo,Tim,18,2,0
2a8524fa8a7f4a46b296b5eb3dc5b1d8,Adimchi,Oka,11,0,0
2acba680d2414db786df8b40bbee01f5,David,Obi,5,0,0
2ace3fdde8b546ec85507af4351bb63d,Seun,Mine,2,0,0
2b1de0ace99f415a99490994645eefa7,Oluwadara,Fakoya,24,0,0
2b9e642aec4949c3af0e5c75e8cb1495,Festus,Iyere,25,6,0
2ba87e3bfaf7423aaa7dbfdba7c66e9d,Gambo,Sigma,20,0,0
2bf5b0352147452daf24e282e09482c6,Garuba,Shehu,20,0,0
2bfe84b497b9450cb069b2c2fcdc4bda,yami,ashama,5,1,0
2c3e7ecb9acb4478a4d4a79b2f42b8d0,Townhall,Different,20,1,0
2cba1ef7c8b6408bb50891f560b5224b,Obi-Wan,Kenobi,29,0,0
2cda573c10dd476eb2b8dd88c2e294ef,Festus,Iyere,3,1,0
2d0ec450f70846f2ba4519f85aaffbf1,,,24,1,0
2d1169ab58b7415091ffaf8b00b3ac41,Gambo,Mohammed,18,1,0
2d627710d44b4b0bac98568f5ecb99be,Festus,Iyere,13,0,0
2d87d9b8546a4c7a80de1659d022e739,Faith,Abubakar,11,0,0
2da23d55024f47acb3b289dd6200b482,Garuba,Shehu,25,0,0
2e5d84652d644558a7e0da1f79ad49d9,Obi-Wan,Kenobi,30,0,0
2e69f6585e7e401091ad1b7754f59b10,Garuba,Shehu,26,0,0
2e9f5d47890b46438becae73b1388b55,Tas,Lim,18,1,0
2eac54b1a8d9432892110f1dbd8c86c9,Sandy,Cheeks,20,0,0
2f14235f425e4931a06deb7c9a15b65c,Favour,Felix,3,0,0
2f2223bf2c584c3ca3660630ea3200de,Garuba,Sigma,21,0,0
2f36e9a357bd4db89207a0a6d30f1327,Daniel,Ahmed,2,0,0
2f479c6daaf149829c768dfed581847c,Garuba,Shehu,25,0,0
2f4dd6090f64465b9c9c25dc550be270,Garuba,Sigma,20,0,0
2faf8a22d710457eb4002242b1dc34cb,Festus,Iyere,33,0,0
2fe47f7a83b04372b17662930c3d0245,Nifemi,Sola-Ojo,4,0,0
2fe693033ed0465488cbd307563d0b14,Damilola,Adesodun,3,0,0
30344b6361d04175bc63ffc1e75b86f3,Tas,Lim,25,2,0
308315e90ecc41d28173e9de7a462bf7,Festus,Iyere,10,0,0
30c32b566b8441f49afc307102d20ba7,Omokhose,Dania,39,0,0
30d15496b9274f89a2d833eea63b0676,Yami,Koko,5,0,0
3111c371312e4eb7b5c887ef91d0abc9,Ope,Ope,53,0,0
3112206ff4ad4c6b844e806d09f342d7,,,31,0,0
311d8bd22fcb40ad85ace015cac5fffe,Dave,Santan,5,1,0
313ff9970a5c44e2895064ae364242aa,Uchechukwu,Emma,48,0,0
316a8d4cf4604a1ca6c46691103ab743,World,Crazy,23,0,0
31a403cb8dcf473ca3c1dba7c7b9a20e,Tata,Papa,20,0,0
31a71d0b7a18485fa16b54e2f02c7923,Gambo,Sigma,20,0,0
31b7a93422984509a0c2ac426236c3d7,Gambo,Shehu,19,0,0
31c8d7ed1aff4a66aac52581a98ecad9,Daniel,Coker,25,0,0
321203c771a44c4092b913c3a52c99ca,Testing,Testing,38,5,0
32270d3c8806440985103b187a3cf4cf,Ola,Ola,51,0,0
327d6d8cf5da4dfd9c464cfc144d53e7,Teejay,Doe,26,0,0
32adb3cd119c43dcacbfd06a034f9353,Damom,Salvatore,19,0,0
32d21befea9c401b8537b2d9514e09b1,Sandy,Cheeks,20,0,0
32f61bd8fbf84d3394fe4882c92cd65a,Reggae,Lop,25,0,0
330613e2f25448a4b42724962f28311a,Taslim,Oseni,19,2,0
332554ce4d5b42118258fe986cc4a672,Gambo,tgrrt,10,1,0
335724a35af24535acd98913ca58d0f7,Garuba,Mohammed,23,0,0
338038eb792e4163bb2fbfbc1859b1d7,Tas,Lim,22,8,0
339b498872ff451cbce4f856ebdf13ed,Tas,Lim,20,0,0
33a4f53e233a45d6882a99ade22c3be6,Tas,Lim,20,1,0
33ec6f84526544b9bf7864ff9f644551,Teemiii,Ade,36,0,0
3468023f87524fb298979afca204d7b9,Rori,Ross,5,1,0
34ae15ea6b82435fa980dd0cfa1c533a,Gambo,Anagbogu,10,2,0
34f0113d45984f87a0cdd3c8e57bdaf7,Ak,Aad,49,0,0
352efb5b926345768c509a2792968e69,Sandy,Cheeks,20,0,0
35342dd67cfe45baa74d4afd4caae5d8,Uchenna,Obi,48,0,0
3538f681c8f34f40ae4215fe02c56b5d,Richard,Umaru,44,0,0
3566626f9b6445f1909d2e1b59e25263,Garuba,Shehu,25,0,0
3567f34f6b9a4ba287613358ffceb9ba,Garuba,Sigma,25,0,0
35851a03131d4b46837acc586021d538,Timothy,Olanrewaju,38,3,0
358d4d3139d545d28f4a7e76e4bc952a,Harvey,Pelliot,38,0,0
35b61b66dd324c1896b10baa6af09079,NULL,NULL,23,0,0
35bb59dd4b8b4c3cae937bd2c88ddd7b,Obi-Wan,Kenobi,31,0,0
36374b72d39f4969b84f6b711ed17c7e,Garuba,Mohammed,10,4,0
3679f1bc1df34156b065f00fe9328ef0,Damini,Ogulu,5,0,0
36a0b60ca92b453a9041f55f4387a6bb,Tas,Lim,23,0,0
36f53c8ee89941bea48a28e8ca6c7754,Tas,Lim,19,0,0
370e9e3329724f1b9dc0c1184682434f,Jon,Jones,5,2,0
374c04b6f1e44193b873dc8c58c30d95,Peter,Popoola,12,1,0
37505ce60cbf4c30bbb8a40b13349b29,Festus,Iyere,13,0,0
3797dd0fa5124e9bbf17c6869524b495,,,31,0,0
37a4ca7105ba4f409af5fb0c9403397b,Vivian,Cowrywise,25,0,0
37b211e1963047da80a7a01f5d215b13,Heartbroken,Uche,2,0,0
37b91daa9f1d4e7c81bd1547bbc8a253,Nees,Jerry,3,1,0
37e18f3558e84952bf6443adaf85cf05,Garuba,Shehu,25,0,0
392ca741c46d4d1aad5eff85df843852,Gambo,Sigma,12,0,0
39363d28b7e74116a6306edd270fb573,Tas,Lim,24,0,0
39400c8d5b954ceebe70a08bcc4a41a3,Chinotas,Obeiseni,3,1,0
3957c9d510eb442a9137fbadcf396279,Wow,Men,23,0,0
3960e7db9498428396466d9e6bbc3b7c,Obi-Wan,Kenobi,31,0,0
3972eb895d2042d4900b8fdd2562d2bd,Tas,Lim,18,0,0
39c4bea1d54c4b0ebdc21cc73f05b3e8,Mr,Festus,23,0,0
39cfe01802064650a963938547731bdd,Festus,Bloom1,15,0,0
3a1fa49b3fdc42118612d5ca7f1afe33,Tas,Lim,22,0,0
3a2b63a459c3480aa9f308b8a9933119,Penelope,Bridgerton,20,3,0
3a32a6863fe3494d8389f6e9e58d9ce1,Festus,Iyere,47,6,0
3a71809908404dd393c47e29911ad966,Device,Reg,26,0,0
3a75895d026b48a7a9a12eab6da5b633,Garuba,Mohammed,20,0,0
3ab0b5df70d94558bbb484719ec1769d,Dara,Bday,18,1,0
3af04df79356476dace3127ab86ecde2,Obi-Wan,Kenobi,27,0,0
3b29d0ddf3b64a51b5688510eb7ca45f,Aisha,Adekunle,25,0,0
3b5b4e5fc8914cd2ab5efb1e6721fa98,Festus,Iyere,9,0,0
3b955cbb3c5242ce8993befa8617196d,Esther,Titilai,19,0,0
3c245372d9fb4d468bb17c34626354b6,NULL,NULL,14,0,0
3c4c18c3c1b0461ab4979913aeac1d14,Darth,Sidious,18,1,0
3c6f29df1faf494c9f9945eabdbd2872,Mo,Marquis,3,1,0
3ce8ec316989493eb4abbe32383621f5,Yarmirama,Ashama,2,0,0
3d6f285d63f24e9d9b8c3f0160b4207b,Festus,Iyere,13,0,0
3e0685eaa96b4744a3fa4b17e113c074,Garuba,Shehu,25,0,0
3e24f9826c1d421ebd5fe914e60b9e91,Kishi,Grillo,5,1,0
3e47016fa4ec4a4aa7192057d9a30310,Obi-Wan,Kenobi,26,0,0
3e48640cc6b64e6dad93a527e7102942,Yeah,Bo,2,0,0
3e4ebafa9b6e498f8ac20e0a6aeb75f8,Garuba,Shehu,8,0,0
3ea3fed017de4d45b7ae2f7564b9a08a,Julia,Munir,2,0,0
3eb2bf5f79054ca38c37621f5371043a,Esther,Omikunle,23,0,0
3f25b7b28fab4b7da516362ecac6c581,Timothy,Olanrewaju,38,3,0
3f55af67745443b5bf3ecbd34582d5f1,Garuba,Shehu,20,0,0
3f7ae506e595425e8f3c911dba5fa037,Tttt,Pppp,18,0,0
3f9429ab00e845aab88027a0e5382031,Favour,Felix,3,0,0
3f9c10f4f34e4c12b79e131c8f8219fe,Timothy,Olanrewaju,3,0,0
3f9dec34cbff49728c09b5f4e4f4a1d1,Obi-Wan,Kenobi,31,1,0
3fc623a648ee42019e0e57dc599899c8,KDing,Daning,25,0,0
3fd352e7d6184c47b947d00d657a0df0,Gambo,Shehu,20,2,0
3fd8e9e3b7664d9f8029fab8f2f8c724,Garuba,Sigma,20,1,0
403b5ea22aad4d989116935e51cb7474,Garuba,Sigma,25,0,0
404ede3eb7f84cb9a3aaccb16e64d550,Garuba,Sigma,24,0,0
405c65c86a19409bb504aafa4a44c729,T,O,44,0,0
408ef04b8fb14c358828b65891af804f,Tas,Lim,18,0,0
40cc50c238e447959454d0ea94a9ede4,Yami,halalal,5,2,0
40ef989236ed49b6af2df3b8476f95ef,Tas,Lim,24,0,0
4110cd7b5d9e452095fa2029b71a9d43,Regal,Shim,25,0,0
4114f7cb17a34d32bd22cf84c173d9aa,Uche,Timothy,2,0,0
4149c730d34048b8be8819837dfc3742,Faith,Abubakar,18,0,0
41b8278f6f4447c48b14f6219e62138a,Mojolaoluwa,Grillo,5,0,0
41fec3657a0c4aedbca33f0518aea37e,NULL,NULL,31,0,0
42a49ce4e6634c62bc245b7913408bee,Garuba,Shehu,24,0,0
42e7f4d68aa440ad832c78d5e047cf45,Garuba,Sigma,21,0,0
42f87d35c67d4dac9916e6a0ba0fb4a9,Uchenna,Obi,48,0,0
4325c00ef1db4860aa905eb30d1db30e,Tas,Lim,20,0,0
434fef3d23934230948777585dc5b20f,Rena,Oge,5,1,0
4366c233a386493a84b2d5011d8e8e43,Vid,Vid,19,0,0
436730fa2b00405f9e0aef8fb2e4b1b4,NULL,NULL,50,0,0
43860f57edb6477e9a421e7d9994cce5,Festus,Iyere,3,0,0
4389b45c1be244469bfecd17d2706047,Bryan,Alfred,18,0,0
43b990c07a1443ebb654ecaebab4069b,Timi,Joel,25,0,0
43bad82b77544fac800ca23cc44c6ac5,Sandy,Cheeks,13,0,0
43c00edb71c943e2a602b1be380edd2c,Timothy,Olanrewaju,43,2,0
43ce56ab3e9f4948a747e51c8b67b42c,frer,Mohammed,21,0,0
444222b9f9cf487caea5eac56f38edd4,Benjamin,Johnson,36,0,0
4498e1a93a1c449982d4356faeec0141,Garuba,Shehu,25,0,0
44bc33f6d6cb4215bff78cfbb566b8a0,Garuba,Anagbogu,25,0,0
44bc656c92874832bf2635c6a4da0571,Sombra,Cheeks,2,0,0
4549dda2073c4616bce07b1b2dbcc8bd,Heitinger,Smire,37,0,0
4583504b689448509749262ba8c0411c,Testing,iOS,43,1,0
45bd61733fe6454ba6e319a553b1ce0c,Tas,Lim,26,0,0
462c63ad6ee94f7686fd9bdab5f8a62e,Obi-Wan,Kenobi,27,3,0
4648dc28d9f0441394b1b2fc71b6af92,NULL,NULL,38,0,0
4689ade1af04421ab473b92fbbec7be3,Esther,Ojosemako,23,0,0
46d67f63459145d18ea32422684a3955,Obi-Wan,Kenobi,34,0,0
46d74027d6a044909f900ddf623cf58d,Blessing,Uwadia,30,0,0
4723b8f2e5a144f787e26faa2938f35d,test,test,2,0,0
47751209c0034248a2ad42de497f7ee6,Edidiong,Idiong,39,0,0
488407ae04c34eb2bb92771b70295070,Hima,Gana,14,0,0
48b440e7d8d6467585dd90c59fb7681c,Sombra,Overwatch,21,0,0
48ff75653b5f4c96b0d74f9630bd9921,Okay,Okay,19,2,0
494440fde77045eca9340f751d0c880c,Tee,Ooh,44,0,0
49aa63a4f8e2421ea7680ebf24699e14,Christiana,jonas,19,0,0
49d0c1390e304a94a761d56a3387c7c9,Video,Onboarding,19,0,0
4a5409f4afe44e4eb4dda2155d4dfa6f,Ios,Intercom,19,0,0
4b1d85598e8b44e99ab059a1254b6de6,Tas,Oseni,23,0,0
4b671eb5677e4c808b8ed1f756e87532,Chima,Ataman,23,0,0
4bdfe3de8cf64e4e86ee8d8d03256358,Khose,Oseni,25,0,0
4c0e56711b31484ab1e79d2ebd4c8457,Tas,Lim,20,0,0
4c99903c59144975bf0b7bb611f30bff,Gambo,Shehu,15,0,0
4d27fefd477841b49ef151eac67c3979,Tas,Lim,19,0,0
4d46ce98c9c04f61a41fca5e1df3df0e,Test,Save,22,1,0
4d8c0c623b5b4542878e802250099712,Gambo,Shehu,11,3,0
4e67ac5e1b774dc89b98d640ee98bad7,Garuba,Mohammed,20,0,0
4e76767682a84705a34cdc831db9b889,Tas,Lim,18,2,0
4e8c2068b98f4730a2107ffad0646bf1,Event1,Tester,22,0,0
4ec422867ea54847ab81a93949399918,Khose,Dania,26,0,0
4ed16e4c199b4d46b3cbd475193e6eb2,Lewa,Grillo,25,0,0
4f2e0449c3944fa193675ac951854083,frer,Mohammed,10,0,0
4f32034036ad491c955e84028d50dc23,Test,Testing,10,0,0
4fa036af0ce04021abd7a78fe0ee0610,Vladmir,Chucks,37,0,0
4fa22e7a15ce42388dc4f0eb3af93f57,NULL,NULL,31,0,0
4fa239dcefa04b4cb0d3c0d87188fd53,Dara,Fakoya,25,0,0
4fb371f542c0439fb96a493304d974c8,Garuba,Shehu,23,0,0
4fb6ae1a701a477e8514981a7f18ce2e,Yami Yami,Halal,5,0,0
4fcbcded24b7439aaed23dde8cf95a35,Test,Signup,43,0,0
5019c876fcff4c53a63eb40193d40591,Tas,Lim,19,0,0
504470e9bbe34606a0e7af2a9ff3caf5,Test,Testing,43,0,0
509dc425a6f84c8094456802b227b94e,Garuba,Shehu,20,0,0
509ec6e08b6e4c029b65952f725e1229,Tas,Lim,25,0,0
50cb3faa13f14121858e488d31a3b846,Kolawole,Obeisun,3,0,0
50d6a9246a2c40728f3fce50dba05fdc,Sombra,Overwatch,20,0,0
5205f6c5ac6d43248effd558f14f7c33,Adebiyi,Grillo,10,0,0
5241683aa43245cbba509847f23925e5,Tas,Lim,23,2,0
5288665833d847b8bc45673298107ca6,Garuba,Shehu,8,0,0
53bdbffd9a9c442789702dd5cce40056,Garuba,Sigma,25,0,0
53cf61fc2ef84234ae0fee557900f4ea,Sombra,Overwatch,20,0,0
53ed9849e43c4652b2e99d533874441a,Obi-Wan,Kenobi,31,0,0
542b4a7b89ad4f7480c2108f151b9db6,Khosay,Diana,23,0,0
5446b64204754868aeef23b21f5590e7,Garuba,Sigma,25,0,0
54660d0ba4bb45498689658dd1f219e3,frer,Shehu,18,7,0
54700bdf11e24271977dcb107a61fa4c,NULL,NULL,18,0,0
54a00984ebfc42b5a6ce3fef53cc9a3f,St,Lss,52,0,0
54dd7c4907454008b62453110079258b,Taslim,Oseni,2,0,0
54f22c09916147a89a18e65c32ba3c09,David-Olusa,Admin,104,0,0
54fc113b8c7d4a9c88fdc6d979858d43,Yami,Jeremiah,5,1,0
5533f3ed29ea453c846502bff7c37661,First name,Last name,11,1,0
5575166fa57b4e7984d3b305345267f5,Akeem,Tim,18,0,0
557b03aa8d974c4a8a6efa99629a876b,Esua,Ekpo,25,1,0
5591744c36644cecb8c792c3885e32fd,Tas,Lim,18,0,0
55c2927c7866453eaf101775f108bccb,NULL,NULL,38,0,0
55d188417f424459ba3222bbb90882ba,absbab aasdnasda d,abab,57,0,0
55e20059b44f485b8e6c995516c97614,Tata,Papa,20,0,0
55e3e28c8a4b4c2690a000dfe9c737f1,Tas,Lim,18,0,0
56138abacfaf4edba2e5acf4acd7152f,First name,Last name,10,1,0
5627db52d4b74518a93d790f253b3b7f,Kim,Josh,5,1,0
566a7a52600d4cbe91f45933b9140776,Sharon,Falomo,2,0,0
569a2e67ed4c42aab26312a2422b846c,NULL,NULL,30,0,0
56c9e18202504f4ea2a09b09b81eca48,Festus,Iyere,15,0,0
57083bfce4ce4c3da96328bbbd001481,NULL,NULL,24,0,0
5711294b0122460a9ab7f4aecaa751f1,Tester,Esther,22,0,0
5745c14ea268413dbc6730c0d53e9538,test,test,2,0,0
5757f0b6bfdd48929ae92bf23efa0a2c,Self,Goat,10,3,0
576530ee0ebf4585a506e8fcc89ecd25,Adimchi,Oka,24,0,0
57774e330e39468d9e8f1a6169ffbeb2,NULL,NULL,7,0,0
57b8d18ec51e4987a3482b51124f270f,First name,Last name,11,1,0
57bb571ce4ff441ab251f3b14ad37c57,Daniella,Adegunle,3,0,0
57c8b649d33447eb9ef9baf194c61e7d,adebiyi,grillo,9,0,0
57d8b0d96ef94beeba42dc8a1c368154,Uchechukwu,Emmanuel,51,0,0
581c2378d8a44ccd962832044d7a0e5c,Obi-Wan,Kenobi,29,2,0
5831540e70b94909a2627883f435629c,Harry,Styles,31,0,0
5836fa5d02424871aad8898d0c76557c,Tas,Lim,20,0,0
587155ad49fc4246aa844956e5664819,ewe,Shehu,25,0,0
5882af10f43643219d87941261ad27dc,Garuba,Mohammed,20,0,0
58aabf1d66a0469ba3fdbfb0520f5b13,ewe,Sigma,25,0,0
58cce7625b984ed08c6685d72fbbc081,Nest,Noncw,3,0,0
58e63ca7d9774f63aec6bbd5d7741750,Garuba,Shehu,20,0,0
5904472baaeb4027a1dcccce7bc84836,Tas,Lim,25,0,0
591ef0168af044b6838e07a491b807bc,Barakat,Bakare,24,0,0
595664a22fdb4df5b90b17d76bb33ef1,Garuba,Sigma,20,0,0
59bc9c8116824f9d89293d5df1a4d87c,Jane,Jerry,3,0,0
5ab6622deb4f4fee93f43173fdb0d597,Garuba,Shehu,20,0,0
5ad7c56788f7480cb060e70726fd1d70,Tas,Lim,18,0,0
5b01720acd354a96ba6ac49288c66b6e,Teejay,Lewis,26,0,0
5b2f8e952c2f4f2ba1d6e78d9d89a074,VVera,Wwang,21,2,0
5bbaa9bebdea42c1a4360662d0364abc,Major,Favour,3,0,0
5bde615a9b4a45069eb50f373fd667a4,Garuba,Sigma,20,1,0
5bfce925ea2645ffbdb5b5bab2691886,Tas,Lim,19,0,0
